{"model": "CNN", "train_loss": [0.48824570136643497, 0.36163466387107723, 0.3305392538914915, 0.32185534571037916, 0.30734447573052076, 0.2936382238330737, 0.28148445967442354, 0.28481949275471474, 0.2765323643475934, 0.2648591009564087, 0.26653548407424343, 0.2529856505208328, 0.23548715121921945, 0.23590958175437698, 0.23289312133209303, 0.2333126136514007, 0.22407464931408563, 0.22118084529628518, 0.2200973688986132, 0.20834670203631042], "train_accuracy": [77.2370218579235, 84.0334699453552, 86.09972677595628, 86.59494535519126, 86.79986338797814, 87.68784153005464, 88.3879781420765, 88.43920765027322, 88.47336065573771, 89.53210382513662, 89.61748633879782, 89.97609289617486, 90.64207650273224, 90.7103825136612, 90.94945355191257, 90.89822404371584, 90.86407103825137, 91.54713114754098, 91.3422131147541, 91.95696721311475], "val_loss": [0.34465099924377035, 0.28336407084550175, 0.2578925248235464, 0.2500678322144917, 0.23878504069788115, 0.22879878112248012, 0.22596511244773865, 0.22598070145717689, 0.21046383120119572, 0.21669128058212145, 0.2095340886818511, 0.19751352896647795, 0.18960463229034627, 0.21210060561341898, 0.21165430120059422, 0.20653323350208147, 0.17567786587668316, 0.1729680382247482, 0.17045025021902152, 0.16704193476055348], "val_accuracy": [87.58542141230069, 90.8883826879271, 91.45785876993166, 91.34396355353076, 91.91343963553531, 92.14123006833712, 92.25512528473804, 92.59681093394077, 93.62186788154898, 93.16628701594533, 92.59681093394077, 93.28018223234623, 93.84965831435079, 93.39407744874715, 93.50797266514806, 93.39407744874715, 94.30523917995444, 94.41913439635535, 94.41913439635535, 94.30523917995444], "test_loss": 0.16368762550077268, "test_accuracy": 93.51535836177474, "auc_roc": 0.9769596333908517, "classification_report": {"NORMAL": {"precision": 0.8538812785388128, "recall": 0.8820754716981132, "f1-score": 0.8677494199535963, "support": 212.0}, "PNEUMONIA": {"precision": 0.9621212121212122, "recall": 0.952023988005997, "f1-score": 0.9570459683496609, "support": 667.0}, "accuracy": 0.9351535836177475, "macro avg": {"precision": 0.9080012453300125, "recall": 0.917049729852055, "f1-score": 0.9123976941516286, "support": 879.0}, "weighted avg": {"precision": 0.9360155626110089, "recall": 0.9351535836177475, "f1-score": 0.9355091443906556, "support": 879.0}}}