{"model": "GCN", "train_loss": [0.6189466740271842, 0.5907295591147371, 0.5900097429290299, 0.5895071782807048, 0.5846848074317903, 0.5842795778614606, 0.5838816692662794, 0.582980253206667, 0.5821220505145169, 0.58160613072935, 0.5806656930335733, 0.5820880218069683, 0.5802879511385926, 0.5766774175703063, 0.5794795883256335, 0.5754320473633996, 0.5746562961460084, 0.5719223951184472, 0.5697222211102183, 0.5672702579073203], "val_loss": [0.6009439112884658, 0.598660617002419, 0.598514087498188, 0.5981071250779288, 0.5984331859009606, 0.5978065665279116, 0.5964501361761775, 0.5966850987502507, 0.5965871523533549, 0.5945284898791995, 0.5934396141341755, 0.594006421310561, 0.5946830276932035, 0.5910130387970379, 0.5960781872272491, 0.5921554160969598, 0.5918753700596946, 0.5896167904138565, 0.5860706631626401, 0.5899423712066242], "val_accuracy": [71.86788154897495, 71.86788154897495, 71.86788154897495, 71.86788154897495, 71.86788154897495, 71.86788154897495, 71.86788154897495, 71.86788154897495, 71.86788154897495, 71.86788154897495, 71.86788154897495, 71.86788154897495, 71.86788154897495, 71.86788154897495, 71.86788154897495, 71.86788154897495, 71.86788154897495, 71.86788154897495, 71.86788154897495, 71.86788154897495], "test_loss": 0.5394081835235868, "test_accuracy": 75.88168373151308, "auc": 0.6518981075499986, "classification_report": {"NORMAL": {"precision": 0.0, "recall": 0.0, "f1-score": 0.0, "support": 212.0}, "PNEUMONIA": {"precision": 0.7588168373151308, "recall": 1.0, "f1-score": 0.8628719275549805, "support": 667.0}, "accuracy": 0.7588168373151308, "macro avg": {"precision": 0.3794084186575654, "recall": 0.5, "f1-score": 0.4314359637774903, "support": 879.0}, "weighted avg": {"precision": 0.5758029925929377, "recall": 0.7588168373151308, "f1-score": 0.654761747075281, "support": 879.0}}}