{"model": "HOG + SVM", "test_accuracy": 0.8739754098360656, "classification_report": {"NORMAL": {"precision": 0.9988193624557261, "recall": 0.5344283006948831, "f1-score": 0.6962962962962963, "support": 1583.0}, "PNEUMONIA": {"precision": 0.8528648432820922, "recall": 0.9997659723847414, "f1-score": 0.9204912734324499, "support": 4273.0}, "accuracy": 0.8739754098360656, "macro avg": {"precision": 0.9258421028689092, "recall": 0.7670971365398123, "f1-score": 0.8083937848643731, "support": 5856.0}, "weighted avg": {"precision": 0.8923194204425878, "recall": 0.8739754098360656, "f1-score": 0.8598866544422635, "support": 5856.0}}, "roc_auc": 0.9885855728701823}