{"model": "Transfer Learning", "train_loss": [0.17047043503514786, 0.10453722636800172, 0.10782039153223583, 0.09565138150468584, 0.06882287245406228, 0.04642905418710538, 0.021369458260574167, 0.012446013636175948, 0.023905406991207554, 0.01258169526465295, 0.021164017072932924, 0.014121488267790468, 0.008803285140694884, 0.00506424412906058, 0.0051239507829873325, 0.004804107552085635, 0.0034612915905051713, 0.0025847981368167174, 0.0022699791426380534, 0.003390580542011515], "train_accuracy": [94.26689436447914, 95.92583556965113, 96.26738228836301, 96.34057087094413, 97.77994632837277, 98.38985118321541, 99.36569895096365, 99.70724566967553, 99.82922664064407, 99.63405708709442, 99.75603805806294, 99.68284947548183, 99.75603805806294, 99.87801902903148, 99.87801902903148, 99.90241522322518, 99.95120761161259, 100.0, 100.0, 99.92681141741889], "val_loss": [0.08815725493643965, 0.16250307019799948, 0.27270678523927927, 0.176607907782974, 0.12131400499492884, 0.07177635900942343, 0.06521810762517687, 0.06064427349649902, 0.06219577407630693, 0.05587682839749115, 0.05617585373277377, 0.06580395723826118, 0.06161787536361122, 0.06607885194534902, 0.0763402348696088, 0.06397571953545723, 0.06332051701610908, 0.07101751594953905, 0.060553781842047884, 0.0629928631533403], "val_accuracy": [96.81093394077449, 93.16628701594533, 89.749430523918, 93.28018223234623, 95.67198177676538, 97.03872437357631, 97.49430523917995, 97.72209567198178, 97.72209567198178, 97.83599088838268, 98.29157175398633, 97.03872437357631, 97.60820045558087, 97.49430523917995, 97.38041002277905, 97.49430523917995, 97.49430523917995, 97.60820045558087, 97.72209567198178, 97.60820045558087], "test_loss": 0.09493543756274546, "test_accuracy": 97.26962457337883, "AUC": 0.9947172640095048, "classification_report": {"NORMAL": {"precision": 0.9519230769230769, "recall": 0.9339622641509434, "f1-score": 0.9428571428571428, "support": 212.0}, "PNEUMONIA": {"precision": 0.9791356184798807, "recall": 0.9850074962518741, "f1-score": 0.9820627802690582, "support": 667.0}, "accuracy": 0.9726962457337884, "macro avg": {"precision": 0.9655293477014788, "recall": 0.9594848802014088, "f1-score": 0.9624599615631005, "support": 879.0}, "weighted avg": {"precision": 0.9725724116425173, "recall": 0.9726962457337884, "f1-score": 0.9726070406429762, "support": 879.0}}}